Link,Video Adı,Etiket
https://www.youtube.com/watch?v=32si5cfrCNc,BLACKPINK  39How You Like That39 DANCE PERFORMANCE VIDEO,NON AI COVER
https://www.youtube.com/watch?v=rAV_kLTMhm4,B L A C K P I N K FULL A L B U M PLAYLIST 2023 BEST SONGS UPDATED,NON AI COVER
https://www.youtube.com/watch?v=gQlMMD8auMs,BLACKPINK  Pink Venom MV,NON AI COVER
https://www.youtube.com/watch?v=2S24-y0Ij3Y,BLACKPINK  39Kill This Love39 MV,NON AI COVER
https://www.youtube.com/watch?v=cSqOY5nktfg,BLACKPINK THE GAME  THE GIRLS MV,NON AI COVER
https://www.youtube.com/watch?v=MnAatUHEyLg,Dont let them enter this elevator again  blackpink jisoo rosé lisa jennie blink,NON AI COVER
https://www.youtube.com/watch?v=bwmSjveL3Lc,BLACKPINK  39붐바야 BOOMBAYAH39 MV,NON AI COVER
https://www.youtube.com/watch?v=POe9SOEKotk,BLACKPINK  Shut Down MV,NON AI COVER
https://www.youtube.com/watch?v=dNCWe_6HAM8,LISA  39MONEY39 EXCLUSIVE PERFORMANCE VIDEO,NON AI COVER
https://www.youtube.com/watch?v=ioNng23DkIM,BLACKPINK  39How You Like That39 MV,NON AI COVER
https://www.youtube.com/watch?v=t0G4lOdFwd4,Lisa is so charming  blackpink lisa lalisa,NON AI COVER
https://www.youtube.com/watch?v=IHNzOHi8sJs,BLACKPINK  뚜두뚜두 DDUDU DDUDU MV,NON AI COVER
https://www.youtube.com/watch?v=4XZz3WXRw0A,JISOO  꽃FLOWER DANCE PERFORMANCE VIDEO,NON AI COVER
https://www.youtube.com/watch?v=3RL2chKr32Y,If Miyeon was in blackpink  blackpink blink,NON AI COVER
https://www.youtube.com/watch?v=dyRsYk0LyA8,BLACKPINK  39Lovesick Girls39 MV,NON AI COVER
https://www.youtube.com/watch?v=75Pqd_2Zj8U,Blackpink Lightstick Zepeto version,NON AI COVER
https://www.youtube.com/watch?v=vRXZj0DzXIA,BLACKPINK  39Ice Cream with Selena Gomez39 MV,NON AI COVER
https://www.youtube.com/watch?v=z9tifvQSu-g,BLACKPINK  Typa Girl Live at Coachella 2023,NON AI COVER
https://www.youtube.com/watch?v=d1mxAlYJMVU,Jennie how you like that edit jennie blackpink edits blink,NON AI COVER
https://www.youtube.com/watch?v=Amq-qlqbjYA,BLACKPINK  39마지막처럼 AS IF IT39S YOUR LAST39 MV,NON AI COVER
https://www.youtube.com/watch?v=I_wdsJSBhFk,En Cok Dinlenen Baris Manco Sarkilari,NON AI COVER
https://www.youtube.com/watch?v=bn8Y5g5JNus,Baris Manco  Secme Sarkilar,NON AI COVER
https://www.youtube.com/watch?v=q71TncBWoEQ,Baris Manco  Arkadasim Esek,NON AI COVER
https://www.youtube.com/watch?v=zeEwT5Qfzjg,BARIS  MANCO  SECME SARKILAR ARSIVLIK 30 SARKI,NON AI COVER
https://www.youtube.com/watch?v=Y2vRq6RWk0g,Baris Manco Hareketli Sarkilari Yuksek Kalite Kayit,NON AI COVER
https://www.youtube.com/watch?v=yKKhFlT4J6M,BARIS MANCOFull Karisik SarkilariNostalji   YouTube 2,NON AI COVER
https://www.youtube.com/watch?v=gR0yMl3YxzE,Baris Manco  Yaz Dostum lyrics,NON AI COVER
https://www.youtube.com/watch?v=zd8IFDgQCUc,Baris Manco  Gulpembe,NON AI COVER
https://www.youtube.com/watch?v=ITv2X3LTmIc,Usta sanatci Baris Mancoyu BAKSM Beylikduzu Sahnede BB Band konseriyle andik,NON AI COVER
https://www.youtube.com/watch?v=5mEL0uIKM-0,BARIS MANCO  GUNAYDIN COCUKLAR,NON AI COVER
https://www.youtube.com/watch?v=kCqlyWM98Qk,Baris Manco  Ayi,NON AI COVER
https://www.youtube.com/watch?v=Qb_TFBpjOGk,Baris Manco secme sarkilar,NON AI COVER
https://www.youtube.com/watch?v=T3ITsuUksBQ,Baris Manco Slow Sarkilari Yuksek Kalite Kayit,NON AI COVER
https://www.youtube.com/watch?v=VbRACwyIVe8,Baris Manco Domates Biber Patlican,NON AI COVER
https://www.youtube.com/watch?v=H5DpbAiw83k,Baris Manco  Bu Gun Bayram,NON AI COVER
https://www.youtube.com/watch?v=77ygz-MC6_8,Baris Manco  Donence 1982  TRT,NON AI COVER
https://www.youtube.com/watch?v=GeUAKFWQMMY,Baris Manco  Sari Cizmeli Mehmet Aga,NON AI COVER
https://www.youtube.com/watch?v=GUKIEjmQ1Bc,Alla Beni Pulla Beni,NON AI COVER
https://www.youtube.com/watch?v=jxi17F3z0Xw,Baris Manco  Kara Sevda,NON AI COVER
https://www.youtube.com/watch?v=JOkR4DfJbwU,Yapay Zeka Ile Cem Karaca  Baris Manco Dueti Duldul,NON AI COVER
https://www.youtube.com/watch?v=Q8rYK7h6pKY,Zeki Muren  Beklenen Sarki 1953,NON AI COVER
https://www.youtube.com/watch?v=al721d21LrA,Beklenen Sarki,NON AI COVER
https://www.youtube.com/watch?v=WogqCXDgFbA,Zeki Muren  Gozlerinin icine baska hayal girmesin  Beklenen Sarki ,NON AI COVER
https://www.youtube.com/watch?v=yDaSIHr8TXM,Zeki Muren  Beklenen Sarki,NON AI COVER
https://www.youtube.com/watch?v=oC_v0pthBl8,Zeki Muren  Beklenen Sarki Official Audio,NON AI COVER
https://www.youtube.com/watch?v=cZiSe9Hjgas,Zeki Muren   Beklenen sarki  GERCEK TAS PLAK KAYDI,NON AI COVER
https://www.youtube.com/watch?v=skbh1YtPolg,Zeki Muren Beklenen Sarki,NON AI COVER
https://www.youtube.com/watch?v=SvmrRCIi_tc,Zeki Muren  Kahkahali Sarki,NON AI COVER
https://www.youtube.com/watch?v=7ckWWN-QuN8,Zeki Muren Yapay Zeka Nesini Soyleyim Karaoke  Sizden Gelenler amp En Iyiler aytugsciotiarsivi,NON AI COVER
https://www.youtube.com/watch?v=EfAsfAU0wx0,Zeki Muren Veda Busesi  Hep O Sarki,NON AI COVER
https://www.youtube.com/watch?v=FW1by6P3GNs,Zeki Muren  Beklenen Sarki renklendirilmis ZekiMuren BeklenenSarki Renklendirilmis Colorized,NON AI COVER
https://www.youtube.com/watch?v=17Vodhn2yBU,ZEKI MURENThe Sun of Classical Turkish Music,NON AI COVER
https://www.youtube.com/watch?v=0SBN2To9Bb4,Hep O Sarki,NON AI COVER
https://www.youtube.com/watch?v=Jsb-3WxYCt4,Zeki MurenGitme Sana Muhtacim,NON AI COVER
https://www.youtube.com/watch?v=ZtUaA3nXqDQ,Beklenen Sarki,NON AI COVER
https://www.youtube.com/watch?v=OwOcaqN4ub8,Zeki Muren  Yildizlarin Altinda   Yildizlarin Altinda  2007 Kalan Muzik ,NON AI COVER
https://www.youtube.com/watch?v=DWlPd_9hwrQ,Zeki Muren  Muhabbet Bagina  Saadettin Kaynak Sarkilari  2005 Kalan Muzik ,NON AI COVER
https://www.youtube.com/watch?v=kw8NOdTKc-s,Zeki Muren  Enginde Yavas Yavas  Saadettin Kaynak Sarkilari  2005 Kalan Muzik ,NON AI COVER
https://www.youtube.com/watch?v=w-G8tWveUxA,Zeki Muren  Hep O Sarki 1965,NON AI COVER
https://www.youtube.com/watch?v=9-Xvrc50_Ew,Zeki Muren  Kizilciklar Oldu mu  Zamansiz  2020 Z Muzik ,NON AI COVER
https://www.youtube.com/watch?v=nnAChgbR9k4,Tarkan En Iyi Sarkilar 2020  Tarkan sarkisi,NON AI COVER
https://www.youtube.com/watch?v=U66ixhdbxEI,Tarkan  Yolla,NON AI COVER
https://www.youtube.com/watch?v=SCZgGVqVsbY,TARKAN  Dudu,NON AI COVER
https://www.youtube.com/watch?v=PrWUhUbroyA,Tarkan 2022 MIX  Pop Muzik 2022  Turkce Muzik 2022  Album Full  1 Saat  Tum Sarkilar,NON AI COVER
https://www.youtube.com/watch?v=FkKShvCPrRc,Tarkan  Simarik  Simarik  Kiss Kiss,NON AI COVER
https://www.youtube.com/watch?v=R6gSMSYKhKU,TARKAN  Geccek,NON AI COVER
https://www.youtube.com/watch?v=QNoC_mVojhc,TARKAN  Op,NON AI COVER
https://www.youtube.com/watch?v=IYnu4-69fTA,Tarkan  Beni Cok Sev,NON AI COVER
https://www.youtube.com/watch?v=txIoUvXywOs,Tarkan Film Muzigi,NON AI COVER
https://www.youtube.com/watch?v=YSxB4LZ7kxw,Tarkan  Yap Bi Guzellik,NON AI COVER
https://www.youtube.com/watch?v=XwbYcsPAHLc,Tarkan  Kedi Gibi,NON AI COVER
https://www.youtube.com/watch?v=7eKlEWw70_Y,TARKAN En Iyi 15 Sarki  BEST TURKEY POP REMIX SONG 2023  EN COK IZLENEN 2023,NON AI COVER
https://www.youtube.com/watch?v=LJ9FpMXJmwY,TARKAN  Olurum Sana,NON AI COVER
https://www.youtube.com/watch?v=NAHRpEqgcL4,TARKAN  Kuzu Kuzu Original,NON AI COVER
https://www.youtube.com/watch?v=jgDw35xTcO4,Tarkan En Iyi Sarkilar 2021  Top 24 Tarkan Sarkisi 2021 ,NON AI COVER
https://www.youtube.com/watch?v=EBwjmeDoE6A,TARKAN  Bir Oluruz Yolunda,NON AI COVER
https://www.youtube.com/watch?v=-CxauCeQ_SQ,TARKAN  Kis Gunesi,NON AI COVER
https://www.youtube.com/watch?v=FQRCrKmN-dA,TARKAN  Sorma Kalbim,NON AI COVER
https://www.youtube.com/watch?v=OUWF_ZVll94,TARKAN  Kayip,NON AI COVER
https://www.youtube.com/watch?v=bdgV56wZZ3k,TARKAN  Sen Rahat Uyu,NON AI COVER
https://www.youtube.com/watch?v=aDBFAVO2zsc,Sezen Aksu  En Duygusal Sarkilar Lyric Video,NON AI COVER
https://www.youtube.com/watch?v=kewy2NtnpwA,Sezen Aksu En iyi sarkilar MIX 2021  Sezen Aksu Tum album 2021 Full HD,NON AI COVER
https://www.youtube.com/watch?v=Eg6gKLXA30U,Sezen Aksu  Tukenecegiz Official Audio,NON AI COVER
https://www.youtube.com/watch?v=opLLO5Lb8jU,Sezen Aksu En Sevilen Sarkilari 1 Saat,NON AI COVER
https://www.youtube.com/watch?v=1YCFSW1gyyA,Sezen Aksu En iyi Sarkilari Yuksek Kalite Kayit,NON AI COVER
https://www.youtube.com/watch?v=p4yxn8ZahPI,Sezen Aksu  Ben De Yoluma Giderim Official Video,NON AI COVER
https://www.youtube.com/watch?v=tA598nLajOc,Sezen Aksu  Firuze Lyrics  Sarki Sozleri,NON AI COVER
https://www.youtube.com/watch?v=UrlQ9AklZT8,Sezen Aksu  Son Bakis Lyrics I Sarki Sozleri,NON AI COVER
https://www.youtube.com/watch?v=-aW8x1jTA2U,Sezen Aksu  Biliyorsun Official Audio,NON AI COVER
https://www.youtube.com/watch?v=fEdZGZpAZZk,Sezen Aksu  Tutuklu Official Video,NON AI COVER
https://www.youtube.com/watch?v=5k5P_Eqy4xo,Sezen Aksu  Unuttun Mu Beni Official Video,NON AI COVER
https://www.youtube.com/watch?v=2hPNYeXf-AY,Sezen Aksu  Kusura Bakma  4539lik Official Audio,NON AI COVER
https://www.youtube.com/watch?v=mRV8s7YJpCQ,Sezen Aksu  Kursuni Renkler  Lyrics  Sarki Sozleri,NON AI COVER
https://www.youtube.com/watch?v=Wuk-PoBRW2E,Sezen Aksu  Karsiyim Official Video,NON AI COVER
https://www.youtube.com/watch?v=o5Gcgmarvvc,Sezen Aksu  Ihanetten Geri Kalan Official Video,NON AI COVER
https://www.youtube.com/watch?v=6ywcf07KQZA,Sezen Aksu  Manifesto Official Video,NON AI COVER
https://www.youtube.com/watch?v=jiRzQoFcIIA,Sezen Aksu  Geri Don Official Audio,NON AI COVER
https://www.youtube.com/watch?v=TGHOcyiZrDs,Sezen Aksu  Vazgectim Lyrics  Sarki Sozleri,NON AI COVER
https://www.youtube.com/watch?v=llflkaAP0vQ,Sezen Aksu   Sen Aglama Lyrics I Sarki Sozleri,NON AI COVER
https://www.youtube.com/watch?v=ygotTM_4x-g,Sezen Aksu  Kucugum Lyrics  Sarki Sozleri,NON AI COVER
https://www.youtube.com/watch?v=eogCT8gKRRw,Linkin Park Best Songs  Linkin Park Greatest Hits Full Album,NON AI COVER
https://www.youtube.com/watch?v=eVTXPUF4Oz4,In The End Official HD Music Video  Linkin Park,NON AI COVER
https://www.youtube.com/watch?v=kXYiU_JCYtU,Numb Official Music Video 4K UPGRADE  Linkin Park,NON AI COVER
https://www.youtube.com/watch?v=7NK_JOkuSVY,Lost Official Music Video  Linkin Park,NON AI COVER
https://www.youtube.com/watch?v=Gd9OhYroLN0,Crawling Official HD Music Video  Linkin Park,NON AI COVER
https://www.youtube.com/watch?v=HMluqSGag5E,Friendly Fire Official Music Video   Linkin Park,NON AI COVER
https://www.youtube.com/watch?v=8sgycukafqQ,What I39ve Done Official Music Video  Linkin Park,NON AI COVER
https://www.youtube.com/watch?v=zsCD5XCu6CM,Somewhere I Belong Official Music Video 4K UPGRADE  Linkin Park,NON AI COVER
https://www.youtube.com/watch?v=TLPv4KRAM8s,free Dark alternative rock x Experimental Rock type beatbeing,NON AI COVER
https://www.youtube.com/watch?v=ysSxxIqKNN0,New Divide Official Music Video  Linkin Park,NON AI COVER
https://www.youtube.com/watch?v=LYU-8IFcDPw,Faint Official Music Video 4K UPGRADE  Linkin Park,NON AI COVER
https://www.youtube.com/watch?v=vjVkXlxsO8Q,Papercut Official HD Music Video  Linkin Park,NON AI COVER
https://www.youtube.com/watch?v=4qlCC1GOwFw,One Step Closer Official HD Music Video  Linkin Park,NON AI COVER
https://www.youtube.com/watch?v=Tm8LGxTLtQk,One More Light Official Music Video  Linkin Park,NON AI COVER
https://www.youtube.com/watch?v=yZIummTz9mM,Leave Out All The Rest Official Music Video  Linkin Park,NON AI COVER
https://www.youtube.com/watch?v=v2H4l9RpkwM,Breaking the Habit Official Music Video HD UPGRADE  Linkin Park,NON AI COVER
https://www.youtube.com/watch?v=dxytyRy-O1k,BURN IT DOWN Official Music Video  Linkin Park,NON AI COVER
https://www.youtube.com/watch?v=5qF_qbaWt3Q,Waiting For The End Official Music Video  Linkin Park,NON AI COVER
https://www.youtube.com/watch?v=YLHpvjrFpe0,From The Inside Official Music Video 4K UPGRADE  Linkin Park,NON AI COVER
https://www.youtube.com/watch?v=xLYiIBCN9ec,Iridescent Official Music Video  Linkin Park,NON AI COVER
https://www.youtube.com/watch?v=eJO5HU_7_1w,Eminem  The Real Slim Shady Official Video  Clean Version,NON AI COVER
https://www.youtube.com/watch?v=YVkUvmDQ3HY,Eminem  Without Me Official Music Video,NON AI COVER
https://www.youtube.com/watch?v=gPgoQ2FwUz4,Eminem Best Rap Music Playlist  Eminem Greatest Hits Full Album,NON AI COVER
https://www.youtube.com/watch?v=Whe0SHHtoQ4,Snoop Dogg on Eminem  Without Me ,NON AI COVER
https://www.youtube.com/watch?v=S9bCLPwzSC0,Eminem  Mockingbird Official Music Video,NON AI COVER
https://www.youtube.com/watch?v=k5KD7M5Ga-I,EMINEM RAP GOD LIVE ,NON AI COVER
https://www.youtube.com/watch?v=r_0JjYUe5jo,Eminem  Godzilla ft Juice WRLD Directed by Cole Bennett,NON AI COVER
https://www.youtube.com/watch?v=xFYQQPAOz7Y,Eminem  Lose Yourself,NON AI COVER
https://www.youtube.com/watch?v=jmt3sEl3Ow8,The fastest rappers in the world Top 10  rap eminem shorts,NON AI COVER
https://www.youtube.com/watch?v=j5-yKhDd64s,Eminem  Not Afraid,NON AI COVER
https://www.youtube.com/watch?v=1wYNFfgrXTI,Eminem  When I39m Gone Official Music Video,NON AI COVER
https://www.youtube.com/watch?v=_Yhyp-_hX2s,Eminem  Lose Yourself HD,NON AI COVER
https://www.youtube.com/watch?v=DIm7L7-Tdgo,Eminem  I can39t be your superman,NON AI COVER
https://www.youtube.com/watch?v=RQ9_TKayu9s,Eminem  Cleanin39 Out My Closet Official Music Video,NON AI COVER
https://www.youtube.com/watch?v=Evut8BfrZ2U,Eminem  Doomsday 2 Directed by Cole Bennett,NON AI COVER
https://www.youtube.com/watch?v=0IGCSwOLJlg,Iconic Eminem Performance,NON AI COVER
https://www.youtube.com/watch?v=8CTsIF-HEwI,E M I N E M Greatest Hits  Rap Music  Top 10 Hits of All Time,NON AI COVER
https://www.youtube.com/watch?v=gOMhN-hfMtY,Eminem  Stan Long Version ft Dido,NON AI COVER
https://www.youtube.com/watch?v=8CdcCD5V-d8,Eminem  Venom,NON AI COVER
https://www.youtube.com/watch?v=D4hAVemuQXY,Eminem  Sing For The Moment Official Music Video,NON AI COVER
https://www.youtube.com/watch?v=YP7ghF9pwys,CEM KARACA  BU SON OLSUN,NON AI COVER
https://www.youtube.com/watch?v=Son8h3PpMaM,Cem Karaca  Sevda Kusun Kanadinda,NON AI COVER
https://www.youtube.com/watch?v=UI8QF3qSVvg,CEM KARACA  BEKLE BENI,NON AI COVER
https://www.youtube.com/watch?v=408tZ5_Zmw0,Cem Karaca  Tamirci Ciragi Official Lyric Video,NON AI COVER
https://www.youtube.com/watch?v=EWOeoewRYqM,Cem Karaca  Islak Islak Official Video,NON AI COVER
https://www.youtube.com/watch?v=sOehgXFXM1s,Cem Karaca  Omrum HD,NON AI COVER
https://www.youtube.com/watch?v=TEp6ZZy8YxQ,CEM KARACA  ISTE GELDIK GIDIYORUZ,NON AI COVER
https://www.youtube.com/watch?v=MNbXrQJ4JU4,Turk Rock Muziginin 3 Buyuk Ismi Baris MancoCem KaracaErkin Koray,NON AI COVER
https://www.youtube.com/watch?v=84VmI7_eK1c,cem karaca deli gonlu sevdasini ben bilirim,NON AI COVER
https://www.youtube.com/watch?v=gFNBjodRk50,Cem Karaca Tamirci Ciragi Iislak islak Namus Belasi Cem Karaca Sarkilari,NON AI COVER
https://www.youtube.com/watch?v=3DgfKdnUBkA,Cem Karaca  Raptiye Rap Rap Official Video,NON AI COVER
https://www.youtube.com/watch?v=joOzEkOIors,Cem Karaca  Deniz Ustu Kopurur,NON AI COVER
https://www.youtube.com/watch?v=fOnohmbo3fg,Cem Karaca  Resimdeki Gozyasi,NON AI COVER
https://www.youtube.com/watch?v=Hkfyd2fI4eM,Cem Karaca Kara Sevda Cem Karaca Sarkilari Anadolu Rock Music Cem Karaca Plak,NON AI COVER
https://www.youtube.com/watch?v=HaWxraJuCGo,Cem Karaca  Gel Efendim Gel,NON AI COVER
https://www.youtube.com/watch?v=fV75-ndher8,Cem Karaca Nem Kaldi Cem Karaca Sarkilari Anadolu Rock Music Cem Karaca Plak,NON AI COVER
https://www.youtube.com/watch?v=p_ibErhjDS8,Cem Karaca Cok Yorgunum,NON AI COVER
https://www.youtube.com/watch?v=yYPb47podLM,CEM KARACA  BINDIK BIR ALAMETE,NON AI COVER
https://www.youtube.com/watch?v=n8vDo3jxjOU,Cem Karaca Oy Bana Bana Cem Karaca Sarkilari Anadolu Rock Music,NON AI COVER
https://www.youtube.com/watch?v=k9ynZnEBtvw,Pink Floyd  The Dark Side Of The Moon 50th Anniversary 2023 Remaster Full Album,NON AI COVER
https://www.youtube.com/watch?v=fj49ieVlZ6U,Pink Floyd Greatest Hits  Pink Floyd Full Album Best Songs,NON AI COVER
https://www.youtube.com/watch?v=7jMlFXouPk8,Pink Floyd  High Hopes Official Music Video HD,NON AI COVER
https://www.youtube.com/watch?v=W0bi7OfaKMY,Pink Floyd  quotAnother Brick in The Wall  quot PULSE Remastered 2019,NON AI COVER
https://www.youtube.com/watch?v=84Tq-eAJIk4,Pink Floyd  Wish You Were Here PULSE Restored amp ReEdited,NON AI COVER
https://www.youtube.com/watch?v=WB7kmqAC0hM,Best Of Pink Floyd  Greatest Hits Full Album,NON AI COVER
https://www.youtube.com/watch?v=cWGE9Gi0bB0,Pink Floyd  Shine On You Crazy Diamond Official Music Video,NON AI COVER
https://www.youtube.com/watch?v=13m5-0EOwIM,Pink Floyd  quotDelicate Sound of Thunderquot New 4k Edition,NON AI COVER
https://www.youtube.com/watch?v=Rqj8TPfU0uA,Pink Floyd On the Rock Trail FULL DOC Rock Music History Syd Barrett Darkside of the Moon,NON AI COVER
https://www.youtube.com/watch?v=RxJLss9DdUs,Best Songs Of Pink Floyd  Pink Floyd Greatest Hits of All Time,NON AI COVER
https://www.youtube.com/watch?v=qs35t2xFqdU,Pink Floyd  Another Brick in the Wall Official Music Video Lyrics In Description,NON AI COVER
https://www.youtube.com/watch?v=x-xTttimcNk,Comfortably Numb,NON AI COVER
https://www.youtube.com/watch?v=LTseTg48568,David Gilmour   Comfortably Numb  Live in Pompeii 2016,NON AI COVER
https://www.youtube.com/watch?v=WAUiHImStdI,Pink Floyd  Coming Back To Life PULSE Restored amp ReEdited,NON AI COVER
https://www.youtube.com/watch?v=2K7TU1Hh_3U,Pink Floyd  The Last  Concert Gilmour Waters Mason Wright ,NON AI COVER
https://www.youtube.com/watch?v=ZWb08i1vBZM,Pink Floyd Greatest Hits Full Album 2023,NON AI COVER
https://www.youtube.com/watch?v=B9EwBS6ozLE,Pink Floyd Greatest Hits  Top 100 Artists To Listen in 2023,NON AI COVER
https://www.youtube.com/watch?v=E9Iau_oik-E,Pink Floyd  quot PULSE quot Live 1994 Remastered,NON AI COVER
https://www.youtube.com/watch?v=DEDjF2tLbhk,Pink FloydHey You Music Video,NON AI COVER
https://www.youtube.com/watch?v=Nc7bHU6ylvM,Pink Floyd  The Division Bell Full Album,NON AI COVER
https://www.youtube.com/watch?v=fJ9rUzIMcZQ,Queen  Bohemian Rhapsody Official Video Remastered,NON AI COVER
https://www.youtube.com/watch?v=CfymLdtaFOQ,Queen Greatest Hits,NON AI COVER
https://www.youtube.com/watch?v=HgzGwKwLmgM,Queen  Don39t Stop Me Now Official Video,NON AI COVER
https://www.youtube.com/watch?v=j440-D5JhjI,Queen  Greatest Hits 2 1 hour 20 minutes long,NON AI COVER
https://www.youtube.com/watch?v=-tJYN-eG1zk,Queen  We Will Rock You Official Video,NON AI COVER
https://www.youtube.com/watch?v=Z6cjhsxgF4o,Best Songs Of Queen  Queen Greatest Hits Full Album,NON AI COVER
https://www.youtube.com/watch?v=rJIggFCbvz4,Best Songs Of Queen  Queen Greatest Hits Full Album 2022,NON AI COVER
https://www.youtube.com/watch?v=vbvyNnw8Qjg,Queen  Bohemian Rhapsody Live Aid 1985,NON AI COVER
https://www.youtube.com/watch?v=ujVLJ2xqePA,Queen  Greatest Music Videos,NON AI COVER
https://www.youtube.com/watch?v=WUOtCLOXgm8,Queen  I Want to Break Free Official Lyric Video,NON AI COVER
https://www.youtube.com/watch?v=PLIAp5nr0q0,Live Aid Queen Full Concert 1985 London Wembley Stadium,NON AI COVER
https://www.youtube.com/watch?v=a01QQZyl-_I,Queen  Under Pressure Official Video,NON AI COVER
https://www.youtube.com/watch?v=ijw_U7bkOEI,Q U E E N Greatest Hits 2023  Top 20 Best Songs Of Queen Ever  Queen Greatest Hits Playlist 2023,NON AI COVER
https://www.youtube.com/watch?v=t99KH0TR-J4,Queen  The Show Must Go On Official Video,NON AI COVER
https://www.youtube.com/watch?v=GQ-ZnfH4B48,Queen Greatest Hits Full Album  Classic Rock Songs 70s 80s 90s Full Album,NON AI COVER
https://www.youtube.com/watch?v=0p_1QSUsbsM,Queen  A Kind of Magic Official Video Remastered,NON AI COVER
https://www.youtube.com/watch?v=kijpcUv-b8M,Queen  Somebody To Love Official Video,NON AI COVER
https://www.youtube.com/watch?v=rY0WxgSXdEE,Queen  Another One Bites the Dust Official Video,NON AI COVER
https://www.youtube.com/watch?v=2ZBtPf7FOoM,Queen  Killer Queen Top Of The Pops 1974,NON AI COVER
https://www.youtube.com/watch?v=_9pfbgpYDsk,Queen  Live Aid 1985  Show Completo  FULL HD 1080p REMASTER,NON AI COVER
https://www.youtube.com/watch?v=tAGnKpE4NCI,Metallica Nothing Else Matters Official Music Video,NON AI COVER
https://www.youtube.com/watch?v=grsIufGBVv4,Metallica  Best Songs  25 Playlist,NON AI COVER
https://www.youtube.com/watch?v=iKVrx5Vx1rs,Best Of Metallica  Metallica Greatest Hits full Album,NON AI COVER
https://www.youtube.com/watch?v=CD-E-LDc384,Metallica Enter Sandman Official Music Video,NON AI COVER
https://www.youtube.com/watch?v=WM8bTdBs-cw,Metallica One Official Music Video,NON AI COVER
https://www.youtube.com/watch?v=Ckom3gf57Yw,Metallica  The Unforgiven Official Music Video,NON AI COVER
https://www.youtube.com/watch?v=7MHogvV1PGg,The Top 15 Metallica Songs Of All Time,NON AI COVER
https://www.youtube.com/watch?v=Lli99OmkPwM,Metallica  Nothing Else Matters 2007 Live Video Full HD,NON AI COVER
https://www.youtube.com/watch?v=FXny2MFiZKs,Metallica Until It Sleeps    8D MUSIC headphones metallica 8dsongs 8d 8daudio 8dmusic,NON AI COVER
https://www.youtube.com/watch?v=1OeC9CGtWcM,Metallica 72 Seasons Official Music Video,NON AI COVER
https://www.youtube.com/watch?v=cwPg8gJq_Kw,Metallica  Wherever I May Roam Official Music Video,NON AI COVER
https://www.youtube.com/watch?v=4FKYsUEuvIo,Metallica Mama Said Official Music Video,NON AI COVER
https://www.youtube.com/watch?v=A8MO7fkZc5o,Metallica Sad But True Official Music Video,NON AI COVER
https://www.youtube.com/watch?v=B_HSa1dEL9s,For Whom The Bell Tolls Remastered,NON AI COVER
https://www.youtube.com/watch?v=qUlBu_Gajd0,TOP 5 BEST SONGS  METALLICA,NON AI COVER
https://www.youtube.com/watch?v=E0ozmU9cJDg,Master of Puppets Remastered,NON AI COVER
https://www.youtube.com/watch?v=QlF4rhAbwyc,Metallica Now That We39re Dead Official Music Video,NON AI COVER
https://www.youtube.com/watch?v=RDN4awrpPQQ,Metallica The Memory Remains Official Music Video,NON AI COVER
https://www.youtube.com/watch?v=boanuwUMNNQ,Metallica Whiskey in the Jar Official Music Video,NON AI COVER
https://www.youtube.com/watch?v=5bt7kAVxKfs,Metallica  The Unforgiven II Official Music Video,NON AI COVER
https://www.youtube.com/watch?v=hTWKbfoikeg,Nirvana  Smells Like Teen Spirit Official Music Video,NON AI COVER
https://www.youtube.com/watch?v=vabnZ9-ex7o,Nirvana  Come As You Are Official Music Video,NON AI COVER
https://www.youtube.com/watch?v=fregObNcHC8,Nirvana  The Man Who Sold The World MTV Unplugged,NON AI COVER
https://www.youtube.com/watch?v=pkcJEvMcnEg,Nirvana  Lithium Official Music Video,NON AI COVER
https://www.youtube.com/watch?v=n6P0SitRwy8,Nirvana  HeartShaped Box Official Music Video,NON AI COVER
https://www.youtube.com/watch?v=4VxdufqB9zg,Nirvana  Something In The Way Audio,NON AI COVER
https://www.youtube.com/watch?v=9qkibSrgXXQ,Nirvana  Come As You Are,NON AI COVER
https://www.youtube.com/watch?v=qv96yJYhk3M,Nirvana  You Know You39re Right LP Version,NON AI COVER
https://www.youtube.com/watch?v=05FWpam-bOU,Nirvana Sessions  Here She Comes Now  Cover,NON AI COVER
https://www.youtube.com/watch?v=hEMm7gxBYSc,Nirvana  Where Did You Sleep Last Night Live On MTV Unplugged Unedited,NON AI COVER
https://www.youtube.com/watch?v=PbgKEjNBHqM,Nirvana  In Bloom Official Music Video,NON AI COVER
https://www.youtube.com/watch?v=3u2YbzQHT14,Nirvana  Smells Like Teen Spirit,NON AI COVER
https://www.youtube.com/watch?v=aWmkuH1k7uA,Nirvana  All Apologies MTV Unplugged,NON AI COVER
https://www.youtube.com/watch?v=QECJ9pCyhns,Nirvana  Sliver Official Music Video,NON AI COVER
https://www.youtube.com/watch?v=fe2s-7IYg-0,Mount Olympus  Approaching Nirvana,NON AI COVER
https://www.youtube.com/watch?v=ODn21NOi-dQ,Nirvana  Serve The Servants Live On quotTunnelquot Rome Italy1994 Official Music Video,NON AI COVER
https://www.youtube.com/watch?v=PMLEnk-7Nw0,Nirvana39s Most Disturbing Song,NON AI COVER
https://www.youtube.com/watch?v=OfS1jFck8YQ,INNA  Nirvana  Official Music Video,NON AI COVER
https://www.youtube.com/watch?v=_pWGt0hXEPs,SORN  Nirvana Girl ft YEEUN Official Video,NON AI COVER
https://www.youtube.com/watch?v=KVxvG9wcc5Y,Best Songs Of Nirvana  Nirvana Greatest Hits Full Album,NON AI COVER
https://www.youtube.com/watch?v=hj5owITI7TE,AI COVER 39SMART39BLACKPINK BY LE SSERAFIM,AI COVER
https://www.youtube.com/watch?v=gI2zgUltCfM,AI COVER BLACKPINK  SHEESH by BABYMONSTER  seulgisun,AI COVER
https://www.youtube.com/watch?v=1FyRZB5JIUQ,AI COVER BLACKPINK 39BATTER UP39 Color Coded Lyrics  Original by BABYMONSTER,AI COVER
https://www.youtube.com/watch?v=UlJ-IyJWLL4,AI COVER BLACKPINK 39SHEESH39 Color Coded Lyrics  Original by BABYMONSTER,AI COVER
https://www.youtube.com/watch?v=8zeQFgM7EZI,BLACKPINK  Ask Kac Beden Giyer Ai Cover Color Coded Lyrics  Original By Hadise,AI COVER
https://www.youtube.com/watch?v=ZaBWR9e7EKI,AI COVER BLACKPINK 39Bring Me To Life39 Color Coded Lyrics,AI COVER
https://www.youtube.com/watch?v=0vMjSctZNM4,Ai Cover BLACKPINK  39Drama39 Color coded lyrics EngHanRom Orig Aespa balsammusic,AI COVER
https://www.youtube.com/watch?v=q0D2tUa9W3k,AI COVER BLACKPINK 39Like That39 lyrics 블랙핑크 39Like That39 가사 Color coded lyrics,AI COVER
https://www.youtube.com/watch?v=4rHFCprotaQ,SHEESH  Ai Cover  BLACKPINK BABYMONSTER,AI COVER
https://www.youtube.com/watch?v=JD4VNw5i2YM,BLACKPINK quotGo Hard AI Cover Color Coded Lyrics HanRomEng,AI COVER
https://www.youtube.com/watch?v=gnC5e1QT_JY,AI COVER BLACKPINK I AM THE BEST 내가 제일 잘 나가 Lyrics Color Coded Lyrics Originally sung by 2NE1,AI COVER
https://www.youtube.com/watch?v=kXP4Bsmj3rU,BLACKPINK  We Can39t Be Friends Original By Ariana Grande AI Cover,AI COVER
https://www.youtube.com/watch?v=476dtZKFgRc,AI COVER BLACKPINK  39PERFECT NIGHT39 Line Distribution  AI Cover,AI COVER
https://www.youtube.com/watch?v=4ADBIUJeKZI,REPOST AI COVER BLACKPINK  DARK HORSE BY Katy Perry,AI COVER
https://www.youtube.com/watch?v=fylZ7OpEJFU,AI COVER BLACKPINK  Super Lady by GIDLE  seulgisun,AI COVER
https://www.youtube.com/watch?v=GI4BM2d95n0,BLACKPINK  Midas Touch Original By Kiss Of Life AI Cover,AI COVER
https://www.youtube.com/watch?v=ly6_1Z9ErnU,AI COVER How Would BLACKPINK Sing 39SHEESH39 BABYMONSTER  Line Distribution,AI COVER
https://www.youtube.com/watch?v=8SlvOd5hifM,BLACKPINK  SHEESH original by BABYMONSTER Color Coded Lyrics Ai Collab,AI COVER
https://www.youtube.com/watch?v=XkIp0Bxd2yE,39EASY39 BLACKPINK AI Cover LE SSERAFIM,AI COVER
https://www.youtube.com/watch?v=WQijmVgZ5fw,BLACKPINK  BOSS UP  AI Cover LYRICS MUSIC VIDEO,AI COVER
https://www.youtube.com/watch?v=o_MgxcZ9VxM,Baris Manco Cem Karaca  Caw Bella   Ai Cover aicover  ai cover  aicovers,AI COVER
https://www.youtube.com/watch?v=H4mjI5Gl3Js,Baris Manco amp Cem Karaca  Unutamadim Ai Cover,AI COVER
https://www.youtube.com/watch?v=fgHtfscvgpE,Cem Karaca amp Baris Manco  Senden Guzeli Mi Var Yapay Zeka Cover,AI COVER
https://www.youtube.com/watch?v=NzScTh0vEzo,SENDEN GUZELIMI VAR  BARIS MANCO amp CEM KARACA ai cover,AI COVER
https://www.youtube.com/watch?v=KrC6LTTbjoU,Baris Manco  Merhabalar Emre Fel  AI Cover,AI COVER
https://www.youtube.com/watch?v=hDyTnRUgO0c,Cem Karaca amp Baris Manco  Kupa Kizi Sinek Valesi Yapay Zeka Cover,AI COVER
https://www.youtube.com/watch?v=wIUdtxTnMXc,Baris Manco  Five Nights at Freddy39s AI,AI COVER
https://www.youtube.com/watch?v=cvcvEx18ycA,Cem KARACA amp Baris MANCO  CAN DOSTUM ai cover,AI COVER
https://www.youtube.com/watch?v=6gSER2SORaA,Baris Manco amp Cem Karaca  Endamin Yeter,AI COVER
https://www.youtube.com/watch?v=gQoZTTC4JpQ,Baris Manco  Gangsta39s Paradise AI Cover,AI COVER
https://www.youtube.com/watch?v=Kq9CwFnZPxQ,Baris Manco  Ceviz Agaci RVC AI COVER,AI COVER
https://www.youtube.com/watch?v=7Ck5yNqcy4M,Baris Manco amp Cem Karaca  Aynali Kemer Ai Cover,AI COVER
https://www.youtube.com/watch?v=tz2MD_fBHaA,Baris Manco  Oyle Kolaysa AI Covers,AI COVER
https://www.youtube.com/watch?v=oBsH5BGByt4,Baris Manco  Senden Guzeli Mi Var  AI Cover Emrefel barismanco kesfet shortvideo shorts,AI COVER
https://www.youtube.com/watch?v=TO2kT4M9jbo,Baris Manco amp Cem Karaca  Gulpembe Ai Cover,AI COVER
https://www.youtube.com/watch?v=rkQqntoX_XQ,MERHABALAR  BARIS MANCO amp CEM KARACA ai cover,AI COVER
https://www.youtube.com/watch?v=EgEsM4MXqJA,Baris Manco Nothing Else Matters Yapay Zeka Cover DEMO,AI COVER
https://www.youtube.com/watch?v=_WEQmnOa9uU,Cem Karaca ve Baris Manco  Oyle Bir Gecer Zaman Ki AI Cover,AI COVER
https://www.youtube.com/watch?v=CXBE-jyAu8Q,Baris Manco amp Cem Karaca  Neyim Var ki AI Cover,AI COVER
https://www.youtube.com/watch?v=qcZH-ZxgAls,Zeki Muren Kol Dugmeleri AI Cover nekmix Baris Manco Altyapisi ile,AI COVER
https://www.youtube.com/watch?v=LKBNmgwMK4o,Zeki Muren  Firuze AI Cover,AI COVER
https://www.youtube.com/watch?v=xl4m6fi9AMM,Zeki Muren  Olsun  Sertab Erener AI Cover,AI COVER
https://www.youtube.com/watch?v=pbR6LB2jEdI,Zeki Muren  Dilek Tasi AI Cover,AI COVER
https://www.youtube.com/watch?v=3mlmddEEoyI,Zeki Muren  Seni Severdim AI Cover,AI COVER
https://www.youtube.com/watch?v=A45xUi9RByw,ZEKI MUREN AI COVER  SURUNUYORUM,AI COVER
https://www.youtube.com/watch?v=2C7XYjwWexE,Zeki Muren  Parla Ai Cover Yapay Zeka Parla  Zeki Muren Parla,AI COVER
https://www.youtube.com/watch?v=dAzLn3mgPB0,Yigidim Aslanim  Cem Karaca AI Cover,AI COVER
https://www.youtube.com/watch?v=9c7wjojqVgw,Zeki Muren Parla Goruntulu Cover AI,AI COVER
https://www.youtube.com/watch?v=LGWbqyvoxiM,Freddie Mercury  Bana Ellerini Ver AI Cover,AI COVER
https://www.youtube.com/watch?v=SMgpiX9WGZw,Bulent Ersoy ft Adele  SKYFALL FULL VERSION ai cover,AI COVER
https://www.youtube.com/watch?v=dIXJt1dWG3g,Sultani Yegâh  Cem Karaca AI Cover,AI COVER
https://www.youtube.com/watch?v=UggoNNDnkc4,Zeki Muren  Anlamazdin AI Cover,AI COVER
https://www.youtube.com/watch?v=ArO5HTa4ta4,Jhin  Ah Bu Sarkilarin Gozu Kor Olsun Ft Zeki Muren AI Cover,AI COVER
https://www.youtube.com/watch?v=2GYkjI08Muk,Zeki Muren  Yalanci Bahar AI Cover,AI COVER
https://www.youtube.com/watch?v=WC0EZFpjGWc,Zeki Muren  Gesi Baglari AI cover,AI COVER
https://www.youtube.com/watch?v=X0G0peQUloM,Freddie Mercury  Sil Bastan AI Cover,AI COVER
https://www.youtube.com/watch?v=udwFhrZkXmY,Zeki Muren  Aman Guzel Yavas Yuru AI Cover,AI COVER
https://www.youtube.com/watch?v=wo0rH8duRsM,Zeki Muren  Can Bedenden Cikmayinca  Ai Cover short shorts shortvideo kesfet reels,AI COVER
https://www.youtube.com/watch?v=nRPSrW_udRs,Cem Karaca  Yoklugunda AI Cover,AI COVER
https://www.youtube.com/watch?v=o59ghp-jTX8,Tarkan  Careless Whisper AI Cover,AI COVER
https://www.youtube.com/watch?v=j5Bkt8tF9GY,Tan Tasci amp Yasin Keles feat Tarkan  Pasa Pasa Yapay Zeka Cover,AI COVER
https://www.youtube.com/watch?v=C7ju_dUimsc,Sakiler  Dunyadan Uzak Tarkan AI Cover,AI COVER
https://www.youtube.com/watch?v=NZTBAw_P0tc,Tarkan ft Sezen Aksu  Son Bakis AI Cover aicover,AI COVER
https://www.youtube.com/watch?v=T7OC35NRJIs,Tarkan  Lan AI Cover,AI COVER
https://www.youtube.com/watch?v=FWHuecgAUF0,TarkanBuz AI Cover Soner Sarikabadayi,AI COVER
https://www.youtube.com/watch?v=tPg-bJr8esQ,Yalin  Her Sey Sensin Tarkan AI Cover,AI COVER
https://www.youtube.com/watch?v=J14ibNPp-BA,Tarkan  Lan Zeynep Bastik ai cover,AI COVER
https://www.youtube.com/watch?v=s-21SqAMCWo,TARKAN  Kalbimin Tek Sahibine AI,AI COVER
https://www.youtube.com/watch?v=wOh29F4NfZk,Tarkan  Ali Cabbar Ai Cover,AI COVER
https://www.youtube.com/watch?v=sy8a6r47Lnk,Freddie Mercury  Beni Anlama Tarkan Ai Cover By Debrelezza,AI COVER
https://www.youtube.com/watch?v=HS_EUPW69qs,Ata Demirer  Beyaz Zambaklar Tarkan AI Cover,AI COVER
https://www.youtube.com/watch?v=uHLXbWY22MM,James Hetfield Tarkan Simarik AI COVER,AI COVER
https://www.youtube.com/watch?v=UP9ud-a31sk,TarkanCikita Muz  Ai Cover  4K,AI COVER
https://www.youtube.com/watch?v=cGJKCk9MfXA,Tarkan Ai Cover,AI COVER
https://www.youtube.com/watch?v=TLs8unDr5PM,Stray Kids  Simarik  Kiss Kiss AI Cover,AI COVER
https://www.youtube.com/watch?v=jiVspJYYiYc,Tarkan  Hatira ai cover,AI COVER
https://www.youtube.com/watch?v=LhwQNj4-tDY,Tarkan  Daha Iyi AI Cover,AI COVER
https://www.youtube.com/watch?v=r4xKFlRS8uQ,Tarkan  Mesafe AI Cover,AI COVER
https://www.youtube.com/watch?v=sU_k8zrlXy8,Tarkan  Ali Cabbar AI Cover,AI COVER
https://www.youtube.com/watch?v=0axLeprRIPw,Sezen Aksu    Muphem AI Cover,AI COVER
https://www.youtube.com/watch?v=ctGK6SzvG2Q,SEZEN AKSU  YALANCI BAHAR AI COVER,AI COVER
https://www.youtube.com/watch?v=jruH_b0PuQo,Sezen Aksu  Diva YorgunAI Cover,AI COVER
https://www.youtube.com/watch?v=BETErOPotX4,Freddie Mercury  Kucugum SEZEN AKSU AI COVER,AI COVER
https://www.youtube.com/watch?v=AMcr9dIJO34,Sezen Aksu ft Mabel Matiz  Duymak Istiyorum AI Cover,AI COVER
https://www.youtube.com/watch?v=fXzg9LZhtHU,Sezen Aksu  Son Arzum AI Cover,AI COVER
https://www.youtube.com/watch?v=HeKi6jbqiNM,Sezen Aksu  Haram Geceler AI Cover sezenaksu kesfet reels shortvideo shorts short,AI COVER
https://www.youtube.com/watch?v=HESqVEZg5QI,SEZEN AKSU  SEN EVLISIN AI COVER,AI COVER
https://www.youtube.com/watch?v=00XWaI4xxVc,Darwin  Firuze Sezen Aksu AI Cover,AI COVER
https://www.youtube.com/watch?v=BmdTjq5OnAo,SEZEN AKSUBU SON OLSUN AI COVER,AI COVER
https://www.youtube.com/watch?v=HbrHsKlYRbI,Asik  Sezen Aksu  AI COVER shorts,AI COVER
https://www.youtube.com/watch?v=-iLyXDFGY0I,Sezen Aksu amp Baris Manco AI COVER Antidepresan antidepresan sezenaksu barismanco,AI COVER
https://www.youtube.com/watch?v=NlDvaZPgcHs,Sezen Aksu  Simarik AI Cover sezenaksu kesfet reels shortvideo shorts short,AI COVER
https://www.youtube.com/watch?v=NoDMrsQGt6k,Kemal Kilicdaroglu Sezen Aksu  Zalim  AI COVER,AI COVER
https://www.youtube.com/watch?v=244p-ewikbs,Sezen Aksu  Kirli Beyaz Kedi AI Cover,AI COVER
https://www.youtube.com/watch?v=gjwKUUUt2dw,Adele feat Sezen Aksu  Yalnizca Sitem voice aicover ai,AI COVER
https://www.youtube.com/watch?v=ACCGotUdE1k,taylor swift  biliyorsun sezen aksu  ai cover,AI COVER
https://www.youtube.com/watch?v=t965GQQovBs,Sezen Aksu  Kul Cem Adrian  AI Cover,AI COVER
https://www.youtube.com/watch?v=YB8XR77O0RQ,Linkin Park  Somebody That I Used To Know 2003 FullBand AI Cover,AI COVER
https://www.youtube.com/watch?v=CuCUdQ3xrEk,If LINKIN PARK made the POKEMON THEME AI Cover,AI COVER
https://www.youtube.com/watch?v=RQaCPZ8sAog,What If Linkin Park Wrote Chop Suey System Of A Down,AI COVER
https://www.youtube.com/watch?v=YGXu1GMS1AI,Linkin park  Monster AI COVER,AI COVER
https://www.youtube.com/watch?v=2UVy7XMbgmE,Chester Bennington  Bring Me To Life Evanescence,AI COVER
https://www.youtube.com/watch?v=05WaiaYgZU0,Linkin Park  Speak Your Name AI original song,AI COVER
https://www.youtube.com/watch?v=nY9xUjbnSwc,Dream On  Chester Bennington AI Cover,AI COVER
https://www.youtube.com/watch?v=rcgjZBYZ1Qc,AI Cover Linkin Park  All Of Me,AI COVER
https://www.youtube.com/watch?v=ilsjkDeK9F4,Oliver Sykes  Lost Linkin Park Ai cover,AI COVER
https://www.youtube.com/watch?v=WYQS1ccuXMs,The Reason   Chester Bennington AI Cover,AI COVER
https://www.youtube.com/watch?v=JPyBpPCOl7Y,Bohemian Rhapsody Chester Bennington AI Cover Marc Martel Version,AI COVER
https://www.youtube.com/watch?v=5wR2VOJe_Aw,Kurt Cobain  Breaking the Habit AI cover Linkin Park,AI COVER
https://www.youtube.com/watch?v=95Fg90A1C9o,How You Remind Me  Chester Bennington AI Cover,AI COVER
https://www.youtube.com/watch?v=9cS3-xZcc9E,Linkin Park  From The Inside AI,AI COVER
https://www.youtube.com/watch?v=D1qV1-pPoqw,AI Cover Linkin Park amp Eminem  Stressed Out,AI COVER
https://www.youtube.com/watch?v=0k0TfygWffE,Behind Blue Eyes  Limp Bizkit Chester Bennington AI Cover,AI COVER
https://www.youtube.com/watch?v=T7GaOSbtM14,Thirty Seconds to Mars  The Kill Chester Bennington AI Cover,AI COVER
https://www.youtube.com/watch?v=eDfUYB2Kxuk,Lose Yourself  Eminem Chester Bennington AI Cover Anthony Vincent Version,AI COVER
https://www.youtube.com/watch?v=-blsYictSuY,Chester Bennington AI cover quotLet it goquot Frozen metal version,AI COVER
https://www.youtube.com/watch?v=Z2qBO97d-sM,Eminem raps 39Welcome to San Andreas39 AI Cover,AI COVER
https://www.youtube.com/watch?v=31D1KohLQjs,Rap God Eminem  JENNIE IAAI Cover,AI COVER
https://www.youtube.com/watch?v=WA8qZYCW_3I,Eminem  Whopper Whopper AI Cover,AI COVER
https://www.youtube.com/watch?v=Zq05JyBaGJQ,2Pac  Lose Yourself AI Cover,AI COVER
https://www.youtube.com/watch?v=u12engoEHGY,EMINEM VS AI RAP,AI COVER
https://www.youtube.com/watch?v=qx3kBrP23pI,Eminem  If KILLSHOT was released in 1999 AI deaged MMLP voice,AI COVER
https://www.youtube.com/watch?v=NXtVrTysgmE,SpongeBob Raps Eminem39s quotGodzillaquot song ft Patrick as juice wrld AI cover,AI COVER
https://www.youtube.com/watch?v=0ERXOaVNg3U,EMINEM  ЗА ДЕНЬГИ ДА AI COVER,AI COVER
https://www.youtube.com/watch?v=l3aA6ll7soo,Imagine Dragons ft Eminem  In The End AI Cover,AI COVER
https://www.youtube.com/watch?v=kP0oWWCrCVU,Dan Reacts to Doofenshmirtz AI Covers,AI COVER
https://www.youtube.com/watch?v=qD8bMBou5pg,Eminem  Sicko Mode AI Cover,AI COVER
https://www.youtube.com/watch?v=4Fl5OtH9_ZQ,Eminem  NY State of Mind AI Cover,AI COVER
https://www.youtube.com/watch?v=l68CHMXs5iw,Lose Yourself  Eminem Hitler AI Cover,AI COVER
https://www.youtube.com/watch?v=NrIzgFpZDT8,AI Eminem  Nias In Paris AI Cover,AI COVER
https://www.youtube.com/watch?v=qRYJbCicfQ0,Eminem  Nias In Paris AI Cover Explicit With Subtitles,AI COVER
https://www.youtube.com/watch?v=dZIiZ_G1Q2I,Kanye West  The Real Slim Shady AI Cover,AI COVER
https://www.youtube.com/watch?v=qBUhjOpVH9s,Barbie World   Eminem AI feat Machine Gun Kelly AI by Roman Vanio,AI COVER
https://www.youtube.com/watch?v=434lqBYQdkg,Eminem  The Chainsaw 2023 AI,AI COVER
https://www.youtube.com/watch?v=7cfrYHQ3km4,RAP GOD Is NOT Eminem39s FASTEST Song,AI COVER
https://www.youtube.com/watch?v=xqtt-rCmISs,Basim Belada  Cem Karaca AI Cover,AI COVER
https://www.youtube.com/watch?v=xejtAw7dGXc,Cem Karaca  Bu Sehir Girdap Gulum Yapay Zeka Cover,AI COVER
https://www.youtube.com/watch?v=a51HrdxoO2g,Cem Karaca  Oyle Dertli  AI Cover ,AI COVER
https://www.youtube.com/watch?v=7YNr6MZqUZk,Cem Karaca  Icimde Olen Biri Var RVC AI COVER,AI COVER
https://www.youtube.com/watch?v=eKUZ7bqAM_4,Cem Karaca  Yorgun Demokrat RVC AI COVER,AI COVER
https://www.youtube.com/watch?v=neQHNhZ5KLA,Cem Karaca X Ufuk Beydemir  Ay Tenli Kadin  AI Cover ,AI COVER
https://www.youtube.com/watch?v=QdJM6cxoROw,Cem Karaca  Mavi Duvar  AI Cover ,AI COVER
https://www.youtube.com/watch?v=xjKChO_odbM,Cem Karaca  Muhtemel Ask  AI Cover ,AI COVER
https://www.youtube.com/watch?v=Rp4ETQRtlcI,Cem Karaca  Altaylardan Tunaya Ai Cover,AI COVER
https://www.youtube.com/watch?v=TObOWGL_zfU,Cem Karaca  Oyle Bir Yerdeyimki RVC AI COVER,AI COVER
https://www.youtube.com/watch?v=hgisFGX-a5A,Cem Karaca amp Baris Akarsu  Tas Duvarlar Yapay Zeka Cover,AI COVER
https://www.youtube.com/watch?v=v33OFFEq5_s,Cem Karaca Koparilan Cicekler  AI COVER,AI COVER
https://www.youtube.com/watch?v=34TZKGWgzec,Cem Karaca  Elif Dedim  AI Cover ,AI COVER
https://www.youtube.com/watch?v=SCsZkhwsUZ4,CEM KARACAYORGUN DEMOKRAT AI COVER,AI COVER
https://www.youtube.com/watch?v=vOEZY9HYhvI,Adolf Hitler sings In The Flesh Pink Floyd AI Cover,AI COVER
https://www.youtube.com/watch?v=kGLo8tl5sxs,Pink Floyd  Echoes AI Generated Music Video,AI COVER
https://www.youtube.com/watch?v=tW-R9hivUAg,Syd Barrett  Wish You Were Here AI Cover,AI COVER
https://www.youtube.com/watch?v=neLdtD-tv3I,Michael Jackson  Another Brick In The Wall  By Pink Floyd AI Cover,AI COVER
https://www.youtube.com/watch?v=CqcWMMvyDNI,Squidward sings 39In The Flesh39 by Pink Floyd Shitty AI cover,AI COVER
https://www.youtube.com/watch?v=FDrT_7R4ZzM,Pink Floyd  Us and Them AI Generated MV,AI COVER
https://www.youtube.com/watch?v=AJqjI87sUqE,When I can Pink Floyd Jukebox AI,AI COVER
https://www.youtube.com/watch?v=b_YQQMgZihY,Pink Floyd  Wish You Were Here But It39s Gary Come Home,AI COVER
https://www.youtube.com/watch?v=KtHaivQ1EXY,Pink Floyd  Comfortably Numb  guitar solo,AI COVER
https://www.youtube.com/watch?v=xVODQdVRuiY,The Trial by Pink Floyd  But every lyric is an AI generated image,AI COVER
https://www.youtube.com/watch?v=lFL9ojDN6n8,Pink Floyd  Dogs  AI Music Video,AI COVER
https://www.youtube.com/watch?v=M70vZfI10KE,Pink Floyd Songs Be Like,AI COVER
https://www.youtube.com/watch?v=lAI1F1R6s4U,Hey You  Pink Floyd  AI Animation Music Video 4K,AI COVER
https://www.youtube.com/watch?v=wW1y5GsvMtk,Pink Floyd  Sheep  AI Music Video,AI COVER
https://www.youtube.com/watch?v=_c_PcolgCrY,Pink Floyd  Time AI Generated Music Video,AI COVER
https://www.youtube.com/watch?v=JNOWcoImDQQ,Miley Cyrus  Comfortably Numb Pink Floyd Cover,AI COVER
https://www.youtube.com/watch?v=gnEk-U8EqOM,Anathema  High Hopes Pink Floyd AI Cover 2023,AI COVER
https://www.youtube.com/watch?v=Z0tgtXVk-PA,Pink Floyd  Comfortably Numb,AI COVER
https://www.youtube.com/watch?v=VyUw8_zXEWU,Pink Floyd  Welcome to the Machine  AI Music Video,AI COVER
https://www.youtube.com/watch?v=hmJx5D-PWsw,Michael Jackson  Comfortably Numb  By Pink Floyd AI Cover,AI COVER
https://www.youtube.com/watch?v=XiZtIARF0iM,Freddie Mercury  The Final Countdown AI Cover,AI COVER
https://www.youtube.com/watch?v=JEQh_spbzj4,Queen  quotYalanci Baharquot  Selin AI Cover Uzun Versiyon,AI COVER
https://www.youtube.com/watch?v=3_GpGbwxuoc,My Heart Will Go On  Freddie Mercury AI Cover,AI COVER
https://www.youtube.com/watch?v=VNWudHD3Kt8,Bohemian Rhapsody  Frank Sinatra AI COVER Queen  Marc Martel,AI COVER
https://www.youtube.com/watch?v=SbZlQcys6o0,Don39t Stop Believin39   Freddie Mercury AI Cover,AI COVER
https://www.youtube.com/watch?v=J5gRAnGTpIU,Freddie Mercury sings Toxicity by System of a Down AI Cover,AI COVER
https://www.youtube.com/watch?v=Tx_nltXJwJo,Skyfall  Freddie Mercury  AI Cover ,AI COVER
https://www.youtube.com/watch?v=woHyCvKlGAA,Shakira39s Waka Waka but it39s a Queen song Freddie Mercury AI cover  Radio Waka,AI COVER
https://www.youtube.com/watch?v=luaUxRVNGok,Freddie Mercury  Welcome To The Jungle AI Cover,AI COVER
https://www.youtube.com/watch?v=1ex7uNc5B3c,Queen  The Show Must Go On  Live At Wembley Stadium 3986 AI Cover,AI COVER
https://www.youtube.com/watch?v=llfyPv3n60o,Freddie Mercury ft Adele  Set Fire To The Rain AI Cover,AI COVER
https://www.youtube.com/watch?v=YbEL9nU442I,Freddie Mercury  Take On Me Aha  AI Cover,AI COVER
https://www.youtube.com/watch?v=IXrTZUHhUdo,Freddie Mercury  Billie Jean AI Cover,AI COVER
https://www.youtube.com/watch?v=zDaTFLweCcs,Freddie Mercury AI  I Will Always Love You,AI COVER
https://www.youtube.com/watch?v=XKP04AaxZH8,Freddie Mercury   Cruel Angel Thesis AI Cover,AI COVER
https://www.youtube.com/watch?v=zaplUvWyUKw,Freddie Mercury  Let It Go AI Frozen Very Emotional Best Version freddiemercury ai,AI COVER
https://www.youtube.com/watch?v=KMDJO6Wyfm4,Freddie Mercury AI Cover  Chandelier,AI COVER
https://www.youtube.com/watch?v=vypfp4is-BI,Freddie Mercury  Eye of the Tiger AI Cover,AI COVER
https://www.youtube.com/watch?v=2peRfZ35YDQ,Queen Breakthru Live 1993 Fictional Performance ai Voice,AI COVER
https://www.youtube.com/watch?v=ibNbauaHViU,Metallica  Under The Bridge Red Hot Chili Peppers AI Cover,AI COVER
https://www.youtube.com/watch?v=hNhXMswQwfc,Smells like teen spirit Metallica Ai cover,AI COVER
https://www.youtube.com/watch?v=OUh7svN4emE,James Hetfield  Gangsta39s Paradise Coolio AI Cover  Metallica,AI COVER
https://www.youtube.com/watch?v=ZJz7ZCB3r_8,Metallica x Юрий Шатунов  Седая Ночь Cover AI 2024,AI COVER
https://www.youtube.com/watch?v=GriBtVqYxJc,Anna ASTI x Metallica  Царица Полноценный  трек 2023,AI COVER
https://www.youtube.com/watch?v=wJJgpWczviw,Все каверы Мetallica от Ai ver 20  Metallica против ВСЕХ  All covers Мetallica from Ai,AI COVER
https://www.youtube.com/watch?v=rRtuPUHEPqQ,METALLICA amp ANNA ASTI  ЦАРИЦА ФУЛЛ ПОЛНАЯ ВЕРСИЯ  COVER BY НЕЙРОХИТ METALLICA  ЦАРИЦА,AI COVER
https://www.youtube.com/watch?v=2yC5JzK61A4,Metallica x Zivert  Life Cover AI,AI COVER
https://www.youtube.com/watch?v=Es9GyrIelF8,Ozzy Osbourne  Dig Up Her Bones  Misfits cover,AI COVER
https://www.youtube.com/watch?v=H7xVML_TfB8,1988 James Hetfield  Spit Out The Bone Metallica AI Cover amp AJFA Mix,AI COVER
https://www.youtube.com/watch?v=Pivhvh1rGRc,AI cover  Frank Sinatra  Master Of Puppets  Metallica ,AI COVER
https://www.youtube.com/watch?v=pNZ2VjK3kGU,Metallica  What If quotSeek And Destroyquot was on Master Of Puppets  1986 James Hetfield AI Voice,AI COVER
https://www.youtube.com/watch?v=A24nSyu7i1w,Metallica  What If quotMoth Into Flamequot was on And Justice For All  1988 James Hetfield AI Voice,AI COVER
https://www.youtube.com/watch?v=Us9Iy88JBk8,Slipknot  Master of Puppets Artificial Intelligence Cover,AI COVER
https://www.youtube.com/watch?v=MGrR5ct_jiQ,Bob Marley  quotUnforgivenquot Metallica Cover AI,AI COVER
https://www.youtube.com/watch?v=28DOjDptRi0,Metallica ft Chester Bennington  Кукушка Ai Cover 2024,AI COVER
https://www.youtube.com/watch?v=cshBu4UtQ44,1991 James Hetfield  No Leaf Clover Black Album Mix amp AI Metallica Cover,AI COVER
https://www.youtube.com/watch?v=4ASkzylj_xQ,Metallica  It39s My Life Bon Jovi AI Cover,AI COVER
https://www.youtube.com/watch?v=JgJ6htJhSAs,Metallica  Aerials System Of A Down AI Cover,AI COVER
https://www.youtube.com/watch?v=-X1RbIEP_bQ,If METALLICA wrote 39The Final Countdown39,AI COVER
https://www.youtube.com/watch?v=Y8CwKJCU6hw,Kurt Cobain  Everlong  AI Music Video amp Cover G11 Studio,AI COVER
https://www.youtube.com/watch?v=Lx4kMQv9Wb4,Dream On  Kurt Cobain AI cover,AI COVER
https://www.youtube.com/watch?v=212i9-aqMGY,Somebody That I Used To Know Kurt Cobain Cover,AI COVER
https://www.youtube.com/watch?v=XfjKZ-5S4Xk,Kurt Cobain  Tek It IA cover,AI COVER
https://www.youtube.com/watch?v=qf6eOSJgN0Y,AI creates quotNewquot Nirvana song  Drowned In The Sun,AI COVER
https://www.youtube.com/watch?v=EldpmoeJ3oY,The Beatles  Lithium  Nirvana Ai Cover ,AI COVER
https://www.youtube.com/watch?v=gBB5hhTZ2y4,Kurt Cobain   Californication AI Cover,AI COVER
https://www.youtube.com/watch?v=Num0q-l-ldc,Frank Sinatra  Smells Like Teen Spirit AI Cover,AI COVER
https://www.youtube.com/watch?v=R4FNbTpEgJc,Hino do Seattle Sounders versão instrumental na guitarra,AI COVER
https://www.youtube.com/watch?v=eOii1YaxRK8,Kurt Cobain  Duvet Bôa AI cover,AI COVER
https://www.youtube.com/watch?v=BglAszGZ2Lw,Bob Marley  Come As You Are by NIRVANA Cover AI,AI COVER
https://www.youtube.com/watch?v=eww1wMNwlPc,Kurt Cobain  Chamber of reflection  IA cover,AI COVER
https://www.youtube.com/watch?v=DEzfwzJa6hA,Kurt Cobain  Creep Radiohead AI Cover,AI COVER
https://www.youtube.com/watch?v=h_oG4yIR4MY,Винни Пух  Smells Like Teen Spirit Nirvana AI cover,AI COVER
https://www.youtube.com/watch?v=ZQm4FTYRNco,Nirvana  About A Girl but it39s a Beatles song,AI COVER
https://www.youtube.com/watch?v=TtMF-idoadg,Kurt Cobain  Beggin IA cover,AI COVER
https://www.youtube.com/watch?v=EKB7sUjFd_I,AI Kurt Cobain  Fortunate Son Creedence Clearwater Revival   AI Music Video,AI COVER
https://www.youtube.com/watch?v=rB6GaUpioOY,KURT COBAIN  Wicked Game Chris Isaak aicover nirvana kurtcobain,AI COVER
https://www.youtube.com/watch?v=pWNfmptZgNI,Kurt Cobain  Karma Police Radiohead  Unplugged AI COVER ,AI COVER
https://www.youtube.com/watch?v=N0ukxEl-6ag,Where is my mind Kurt Cobain AI COVER,AI COVER
